rawfile_id,timestamp,rawfile_name,sample_id,run_type,keep,batch,ome_id,Sample
1,1718217228.59816,20240612_WFB_Plate_01_QC_01,-1,QC,1,1,1,QC
2,1718220983.69358,20240612_WFB_Plate_01_1030_NPA,130,Sample,1,1,1,1030
3,1718225127.38961,20240612_WFB_Plate_01_1016_NPA,116,Sample,1,1,1,1016
4,1718228878.65704,20240612_WFB_Plate_01_43_NPA,42,Sample,1,1,1,43
5,1718232631.894,20240612_WFB_Plate_01_2015-77_NPA,328,Sample,1,1,1,2015.77
6,1718236383.9166,20240612_WFB_Plate_01_1137-2_NPA,361,Sample,1,1,1,1137.2
7,1718240137.94364,20240612_WFB_Plate_01_1002_NPA,102,Sample,1,1,1,1002
8,1718243885.65444,20240612_WFB_Plate_01_92_NPA,90,Sample,1,1,1,92
9,1718247635.40694,20240612_WFB_Plate_01_1184_NPA,282,Sample,1,1,1,1184
10,1718251387.03425,20240612_WFB_Plate_01_33_NPA,32,Sample,1,1,1,33
11,1718255136.80572,20240612_WFB_Plate_01_1162_NPA,260,Sample,1,1,1,1162
12,1718258882.33659,20240612_WFB_Plate_01_100_NPA,98,Sample,1,1,1,100
13,1718262627.92263,20240612_WFB_Plate_01_1101_NPA,200,Sample,1,1,1,1101
14,1718266371.73187,20240612_WFB_Plate_01_1041_NPA,141,Sample,1,1,1,1041
15,1718270115.64906,20240612_WFB_Plate_01_50_NPA,49,Sample,1,1,1,50
16,1718273862.8808,20240612_WFB_Plate_01_1109-2_NPA,341,Sample,1,1,1,1109.2
17,1718277608.38547,20240612_WFB_Plate_01_H25_NPA,312,Sample,1,1,1,H25
18,1718281350.28461,20240612_WFB_Plate_01_1062_NPA,161,Sample,1,1,1,1062
19,1718285093.80942,20240612_WFB_Plate_01_1104_NPA,203,Sample,1,1,1,1104
20,1718288839.78428,20240612_WFB_Plate_01_1126_NPA,225,Sample,1,1,1,1126
21,1718292585.21253,20240612_WFB_Plate_01_9_NPA,9,Sample,1,1,1,9
22,1718296013.25879,20240612_WFB_Plate_01_QC_02,-1,QC,1,1,1,QC
23,1718299758.95339,20240612_WFB_Plate_01_1145-2_NPA,367,Sample,1,1,1,1145.2
24,1718303500.62357,20240612_WFB_Plate_01_98_NPA,96,Sample,1,1,1,98
25,1718307242.28817,20240612_WFB_Plate_01_1177_NPA,275,Sample,1,1,1,1177
26,1718310983.64162,20240612_WFB_Plate_01_90_NPA,88,Sample,1,1,1,90
27,1718314727.64914,20240612_WFB_Plate_01_1111-2_NPA,343,Sample,1,1,1,1111.2
28,1718318469.5744,20240612_WFB_Plate_01_24_NPA,23,Sample,1,1,1,24
29,1718322209.06498,20240612_WFB_Plate_01_1003_NPA,103,Sample,1,1,1,1003
30,1718325948.25504,20240612_WFB_Plate_01_1048_NPA,147,Sample,1,1,1,1048
31,1718329688.37685,20240612_WFB_Plate_01_NC1_NPA,381,Sample,1,1,1,NC1
32,1718333428.00351,20240612_WFB_Plate_01_1130_NPA,229,Sample,1,1,1,1130
33,1718337169.72527,20240612_WFB_Plate_01_H21_NPA,308,Sample,1,1,1,H21
34,1718340913.37278,20240612_WFB_Plate_01_1069_NPA,168,Sample,1,1,1,1069
35,1718344653.06504,20240612_WFB_Plate_01_2012-7_NPA,326,Sample,1,1,1,2012.7
36,1718348394.83045,20240612_WFB_Plate_01_1006_NPA,106,Sample,1,1,1,1006
37,1718352134.55527,20240612_WFB_Plate_01_1102_NPA,201,Sample,1,1,1,1102
38,1718355874.36632,20240612_WFB_Plate_01_1116_NPA,215,Sample,1,1,1,1116
39,1718359615.90328,20240612_WFB_Plate_01_NC16_NPA,396,Sample,1,1,1,NC16
40,1718363357.71616,20240612_WFB_Plate_01_H22_NPA,309,Sample,1,1,1,H22
41,1718367096.85329,20240612_WFB_Plate_01_1009_NPA,109,Sample,1,1,1,1009
42,1718370835.10258,20240612_WFB_Plate_01_5_NPA,5,Sample,1,1,1,5
43,1718374265.06118,20240612_WFB_Plate_01_QC_03,-1,QC,1,1,1,QC
44,1718378004.25745,20240612_WFB_Plate_01_1030_NPB,130,Sample,1,1,1,1030
45,1718381745.41561,20240612_WFB_Plate_01_1016_NPB,116,Sample,1,1,1,1016
46,1718385489.12832,20240612_WFB_Plate_01_43_NPB,42,Sample,1,1,1,43
47,1718389229.32843,20240612_WFB_Plate_01_2015-77_NPB,328,Sample,1,1,1,2015.77
48,1718392967.32493,20240612_WFB_Plate_01_1137-2_NPB,361,Sample,1,1,1,1137.2
49,1718396708.52575,20240612_WFB_Plate_01_1002_NPB,102,Sample,1,1,1,1002
50,1718400448.2604,20240612_WFB_Plate_01_92_NPB,90,Sample,1,1,1,92
51,1718404187.55932,20240612_WFB_Plate_01_1184_NPB,282,Sample,1,1,1,1184
52,1718407927.24114,20240612_WFB_Plate_01_33_NPB,32,Sample,1,1,1,33
53,1718411667.44206,20240612_WFB_Plate_01_1162_NPB,260,Sample,1,1,1,1162
54,1718415406.89979,20240612_WFB_Plate_01_100_NPB,98,Sample,1,1,1,100
55,1718419146.92817,20240612_WFB_Plate_01_1101_NPB,200,Sample,1,1,1,1101
56,1718422887.35142,20240612_WFB_Plate_01_1041_NPB,141,Sample,1,1,1,1041
57,1718426628.7343,20240612_WFB_Plate_01_50_NPB,49,Sample,1,1,1,50
58,1718430370.13487,20240612_WFB_Plate_01_1109-2_NPB,341,Sample,1,1,1,1109.2
59,1718434107.87108,20240612_WFB_Plate_01_H25_NPB,312,Sample,1,1,1,H25
60,1718437847.17979,20240612_WFB_Plate_01_1062_NPB,161,Sample,1,1,1,1062
61,1718441588.68291,20240612_WFB_Plate_01_1104_NPB,203,Sample,1,1,1,1104
62,1718445328.18693,20240612_WFB_Plate_01_1126_NPB,225,Sample,1,1,1,1126
63,1718449068.47182,20240612_WFB_Plate_01_9_NPB,9,Sample,1,1,1,9
64,1718452498.11134,20240612_WFB_Plate_01_QC_04,-1,QC,1,1,1,QC
65,1718456237.9774,20240612_WFB_Plate_01_1145-2_NPB,367,Sample,1,1,1,1145.2
66,1718459976.07273,20240612_WFB_Plate_01_98_NPB,96,Sample,1,1,1,98
67,1718463715.61411,20240612_WFB_Plate_01_1177_NPB,275,Sample,1,1,1,1177
68,1718467453.70723,20240612_WFB_Plate_01_90_NPB,88,Sample,1,1,1,90
69,1718471193.07495,20240612_WFB_Plate_01_1111-2_NPB,343,Sample,1,1,1,1111.2
70,1718474933.38794,20240612_WFB_Plate_01_24_NPB,23,Sample,1,1,1,24
71,1718478674.80612,20240612_WFB_Plate_01_1003_NPB,103,Sample,1,1,1,1003
72,1718482417.06884,20240612_WFB_Plate_01_1048_NPB,147,Sample,1,1,1,1048
73,1718486158.72669,20240612_WFB_Plate_01_NC1_NPB,381,Sample,1,1,1,NC1
74,1718489896.92988,20240612_WFB_Plate_01_1130_NPB,229,Sample,1,1,1,1130
75,1718493636.51516,20240612_WFB_Plate_01_H21_NPB,308,Sample,1,1,1,H21
76,1718497377.75491,20240612_WFB_Plate_01_1069_NPB,168,Sample,1,1,1,1069
77,1718501117.19464,20240612_WFB_Plate_01_2012-7_NPB,326,Sample,1,1,1,2012.7
78,1718504855.86291,20240612_WFB_Plate_01_1006_NPB,106,Sample,1,1,1,1006
79,1718508599.49581,20240612_WFB_Plate_01_1102_NPB,201,Sample,1,1,1,1102
80,1718512339.07537,20240612_WFB_Plate_01_1116_NPB,215,Sample,1,1,1,1116
81,1718516078.24917,20240612_WFB_Plate_01_NC16_NPB,396,Sample,1,1,1,NC16
82,1718519817.68949,20240612_WFB_Plate_01_H22_NPB,309,Sample,1,1,1,H22
83,1718523557.20083,20240612_WFB_Plate_01_1009_NPB,109,Sample,1,1,1,1009
84,1718527293.03229,20240612_WFB_Plate_01_5_NPB,5,Sample,1,1,1,5
85,1718530718.9676,20240612_WFB_Plate_01_QC_05,-1,QC,1,1,1,QC
86,1718534460.1509,20240612_WFB_Plate_01_PC1,-1,Control,1,1,1,PC1
87,1718538199.71033,20240612_WFB_Plate_01_DC,-1,Control,1,1,1,DC
88,1718541939.03946,20240612_WFB_Plate_01_MPE,-1,Control,1,1,1,MPE
89,1718545677.08323,20240612_WFB_Plate_01_PC2,-1,Control,1,1,1,PC2
90,1718549436.63024,20240612_WFB_Plate_01_MSControl,-1,Control,1,1,1,MSControl
91,1718552854.12005,20240612_WFB_Plate_01_Blank,-1,Blank,0,1,1,Blank
92,1718556294.36125,20240615_WFB_Plate_02_QC_01,-1,QC,1,2,1,QC
93,1718560035.92949,20240615_WFB_Plate_02_1049_NPA,148,Sample,1,2,1,1049
94,1718563775.76379,20240615_WFB_Plate_02_27_NPA,26,Sample,1,2,1,27
95,1718567516.79097,20240615_WFB_Plate_02_1110_NPA,209,Sample,1,2,1,1110
96,1718571262.31009,20240615_WFB_Plate_02_1142_NPA,240,Sample,1,2,1,1142
97,1718575007.65053,20240615_WFB_Plate_02_1187_NPA,285,Sample,1,2,1,1187
98,1718578749.49723,20240615_WFB_Plate_02_1070_NPA,169,Sample,1,2,1,1070
99,1718582493.53676,20240615_WFB_Plate_02_1053_NPA,152,Sample,1,2,1,1053
100,1718586235.08708,20240615_WFB_Plate_02_H5_NPA,292,Sample,1,2,1,H5
101,1718589976.62745,20240615_WFB_Plate_02_1170_NPA,268,Sample,1,2,1,1170
102,1718593720.44405,20240615_WFB_Plate_02_65_NPA,63,Sample,1,2,1,65
103,1718597463.65732,20240615_WFB_Plate_02_35_NPA,34,Sample,1,2,1,35
104,1718601204.63938,20240615_WFB_Plate_02_H2_NPA,289,Sample,1,2,1,H2
105,1718604945.69035,20240615_WFB_Plate_02_57_NPA,56,Sample,1,2,1,57
106,1718608689.11281,20240615_WFB_Plate_02_1100_NPA,199,Sample,1,2,1,1100
107,1718612430.75148,20240615_WFB_Plate_02_1106-2_NPA,338,Sample,1,2,1,1106.2
108,1718616180.42108,20240615_WFB_Plate_02_1153-2_NPA,373,Sample,1,2,1,1153.2
109,1718619927.5611,20240615_WFB_Plate_02_1164-2_NPA,378,Sample,1,2,1,1164.2
110,1718623672.81559,20240615_WFB_Plate_02_NC13_NPA,393,Sample,1,2,1,NC13
111,1718627416.21352,20240615_WFB_Plate_02_47_NPA,46,Sample,1,2,1,47
112,1718631159.84933,20240615_WFB_Plate_02_1039-2_NPA,334,Sample,1,2,1,1039.2
113,1718634587.33548,20240615_WFB_Plate_02_QC_02,-1,QC,1,2,1,QC
114,1718638329.40042,20240615_WFB_Plate_02_NC14_NPA,394,Sample,1,2,1,NC14
115,1718642068.92395,20240615_WFB_Plate_02_1181_NPA,279,Sample,1,2,1,1181
116,1718645810.49887,20240615_WFB_Plate_02_1157_NPA,255,Sample,1,2,1,1157
117,1718649551.33346,20240615_WFB_Plate_02_1108_NPA,207,Sample,1,2,1,1108
118,1718653293.35092,20240615_WFB_Plate_02_1040_NPA,140,Sample,1,2,1,1040
119,1718657036.84932,20240615_WFB_Plate_02_36_NPA,35,Sample,1,2,1,36
120,1718660778.88864,20240615_WFB_Plate_02_40_NPA,39,Sample,1,2,1,40
121,1718664518.34092,20240615_WFB_Plate_02_93_NPA,91,Sample,1,2,1,93
122,1718668258.32336,20240615_WFB_Plate_02_1165_NPA,263,Sample,1,2,1,1165
123,1718671998.09916,20240615_WFB_Plate_02_1144_NPA,242,Sample,1,2,1,1144
124,1718675737.84979,20240615_WFB_Plate_02_2005-66_NPA,319,Sample,1,2,1,2005.66
125,1718679477.68253,20240615_WFB_Plate_02_1172-2_NPA,380,Sample,1,2,1,1172.2
126,1718683217.62498,20240615_WFB_Plate_02_1071_NPA,170,Sample,1,2,1,1071
127,1718686959.84859,20240615_WFB_Plate_02_1052_NPA,151,Sample,1,2,1,1052
128,1718690699.35135,20240615_WFB_Plate_02_H26_NPA,313,Sample,1,2,1,H26
129,1718694440.50031,20240615_WFB_Plate_02_28_NPA,27,Sample,1,2,1,28
130,1718698182.11376,20240615_WFB_Plate_02_1156_NPA,254,Sample,1,2,1,1156
131,1718701924.32176,20240615_WFB_Plate_02_1137_NPA,235,Sample,1,2,1,1137
132,1718705667.90507,20240615_WFB_Plate_02_1010_NPA,110,Sample,1,2,1,1010
133,1718709407.5903,20240615_WFB_Plate_02_83_NPA,81,Sample,1,2,1,83
134,1718712833.61866,20240615_WFB_Plate_02_QC_03,-1,QC,1,2,1,QC
135,1718716575.01939,20240615_WFB_Plate_02_1049_NPB,148,Sample,1,2,1,1049
136,1718720314.86094,20240615_WFB_Plate_02_27_NPB,26,Sample,1,2,1,27
137,1718724056.23991,20240615_WFB_Plate_02_1110_NPB,209,Sample,1,2,1,1110
138,1718727798.15411,20240615_WFB_Plate_02_1142_NPB,240,Sample,1,2,1,1142
139,1718731539.56707,20240615_WFB_Plate_02_1187_NPB,285,Sample,1,2,1,1187
140,1718735278.4416,20240615_WFB_Plate_02_1070_NPB,169,Sample,1,2,1,1070
141,1718739019.54771,20240615_WFB_Plate_02_1053_NPB,152,Sample,1,2,1,1053
142,1718742759.49776,20240615_WFB_Plate_02_H5_NPB,292,Sample,1,2,1,H5
143,1718746497.30135,20240615_WFB_Plate_02_1170_NPB,268,Sample,1,2,1,1170
144,1718750240.92968,20240615_WFB_Plate_02_65_NPB,63,Sample,1,2,1,65
145,1718753984.88486,20240615_WFB_Plate_02_35_NPB,34,Sample,1,2,1,35
146,1718757723.92919,20240615_WFB_Plate_02_H2_NPB,289,Sample,1,2,1,H2
147,1718761461.55386,20240615_WFB_Plate_02_57_NPB,56,Sample,1,2,1,57
148,1718765201.35013,20240615_WFB_Plate_02_1100_NPB,199,Sample,1,2,1,1100
149,1718768941.22549,20240615_WFB_Plate_02_1106-2_NPB,338,Sample,1,2,1,1106.2
150,1718772682.61913,20240615_WFB_Plate_02_1153-2_NPB,373,Sample,1,2,1,1153.2
151,1718776420.18329,20240615_WFB_Plate_02_1164-2_NPB,378,Sample,1,2,1,1164.2
152,1718780160.57242,20240615_WFB_Plate_02_NC13_NPB,393,Sample,1,2,1,NC13
153,1718783900.35122,20240615_WFB_Plate_02_47_NPB,46,Sample,1,2,1,47
154,1718787640.12919,20240615_WFB_Plate_02_1039-2_NPB,334,Sample,1,2,1,1039.2
155,1718791066.31407,20240615_WFB_Plate_02_QC_04,-1,QC,1,2,1,QC
156,1718794806.07107,20240615_WFB_Plate_02_NC14_NPB,394,Sample,1,2,1,NC14
157,1718798544.32282,20240615_WFB_Plate_02_1181_NPB,279,Sample,1,2,1,1181
158,1718802281.97972,20240615_WFB_Plate_02_1157_NPB,255,Sample,1,2,1,1157
159,1718806021.69518,20240615_WFB_Plate_02_1108_NPB,207,Sample,1,2,1,1108
160,1718809759.00908,20240615_WFB_Plate_02_1040_NPB,140,Sample,1,2,1,1040
161,1718813496.21757,20240615_WFB_Plate_02_36_NPB,35,Sample,1,2,1,36
162,1718817239.38042,20240615_WFB_Plate_02_40_NPB,39,Sample,1,2,1,40
163,1718820976.77555,20240615_WFB_Plate_02_93_NPB,91,Sample,1,2,1,93
164,1718824716.28314,20240615_WFB_Plate_02_1165_NPB,263,Sample,1,2,1,1165
165,1718828457.50813,20240615_WFB_Plate_02_1144_NPB,242,Sample,1,2,1,1144
166,1718832200.6272,20240615_WFB_Plate_02_2005-66_NPB,319,Sample,1,2,1,2005.66
167,1718835940.6557,20240615_WFB_Plate_02_1172-2_NPB,380,Sample,1,2,1,1172.2
168,1718839682.33904,20240615_WFB_Plate_02_1071_NPB,170,Sample,1,2,1,1071
169,1718843421.61073,20240615_WFB_Plate_02_1052_NPB,151,Sample,1,2,1,1052
170,1718847160.81075,20240615_WFB_Plate_02_H26_NPB,313,Sample,1,2,1,H26
171,1718850898.29922,20240615_WFB_Plate_02_28_NPB,27,Sample,1,2,1,28
172,1718854637.88959,20240615_WFB_Plate_02_1156_NPB,254,Sample,1,2,1,1156
173,1718858375.78704,20240615_WFB_Plate_02_1137_NPB,235,Sample,1,2,1,1137
174,1718862114.94849,20240615_WFB_Plate_02_1010_NPB,110,Sample,1,2,1,1010
175,1718865855.94135,20240615_WFB_Plate_02_83_NPB,81,Sample,1,2,1,83
176,1718869279.6102,20240615_WFB_Plate_02_QC_05,-1,QC,1,2,1,QC
177,1718873019.4015,20240615_WFB_Plate_02_PC1,-1,Control,1,2,1,PC1
178,1718876760.68592,20240615_WFB_Plate_02_DC,-1,Control,1,2,1,DC
179,1718880502.1936,20240615_WFB_Plate_02_MPE,-1,Control,1,2,1,MPE
180,1718884245.69836,20240615_WFB_Plate_02_PC2,-1,Control,1,2,1,PC2
181,1718888015.57051,20240615_WFB_Plate_02_MSControl,-1,Control,1,2,1,MSControl
182,1718891433.57351,20240615_WFB_Plate_02_Blank,-1,Blank,0,2,1,Blank
183,1718916639.98854,20240620_WFB_Plate_03_QC_01,-1,QC,1,3,1,QC
184,1718920391.67888,20240620_WFB_Plate_03_48_NPA,47,Sample,1,3,1,48
185,1718924147.19045,20240620_WFB_Plate_03_1033_NPA,133,Sample,1,3,1,1033
186,1718927898.74298,20240620_WFB_Plate_03_1143-2_NPA,365,Sample,1,3,1,1143.2
187,1718931652.31153,20240620_WFB_Plate_03_99_NPA,97,Sample,1,3,1,99
188,1718935407.46732,20240620_WFB_Plate_03_68_NPA,66,Sample,1,3,1,68
189,1718939160.97167,20240620_WFB_Plate_03_14_NPA,13,Sample,1,3,1,14
190,1718989407.12816,20240620_WFB_Plate_03_NC5_NPA,385,Sample,1,3,1,NC5
191,1718993161.97781,20240620_WFB_Plate_03_44_NPA,43,Sample,1,3,1,44
192,1718996914.89054,20240620_WFB_Plate_03_1050_NPA,149,Sample,1,3,1,1050
193,1719000669.04289,20240620_WFB_Plate_03_1122_NPA,221,Sample,1,3,1,1122
194,1719004406.55211,20240620_WFB_Plate_03_2018-67_NPA,330,Sample,1,3,1,2018.67
195,1719008159.74498,20240620_WFB_Plate_03_1143_NPA,241,Sample,1,3,1,1143
196,1719011912.54692,20240620_WFB_Plate_03_1098_NPA,197,Sample,1,3,1,1098
197,1719015667.36381,20240620_WFB_Plate_03_1107_NPA,206,Sample,1,3,1,1107
198,1719019420.71965,20240620_WFB_Plate_03_1011_NPA,111,Sample,1,3,1,1011
199,1719023175.46664,20240620_WFB_Plate_03_1066_NPA,165,Sample,1,3,1,1066
200,1719026928.94575,20240620_WFB_Plate_03_H16_NPA,303,Sample,1,3,1,H16
201,1719030684.32142,20240620_WFB_Plate_03_1119-2_NPA,350,Sample,1,3,1,1119.2
202,1719034439.87771,20240620_WFB_Plate_03_1014_NPA,114,Sample,1,3,1,1014
203,1719038192.26414,20240620_WFB_Plate_03_1161_NPA,259,Sample,1,3,1,1161
204,1719041628.24626,20240620_WFB_Plate_03_QC_02,-1,QC,1,3,1,QC
205,1719045381.20724,20240620_WFB_Plate_03_82_NPA,80,Sample,1,3,1,82
206,1719049137.81501,20240620_WFB_Plate_03_88_NPA,86,Sample,1,3,1,88
207,1719052890.66046,20240620_WFB_Plate_03_1172_NPA,270,Sample,1,3,1,1172
208,1719056643.4707,20240620_WFB_Plate_03_1182_NPA,280,Sample,1,3,1,1182
209,1719060398.62143,20240620_WFB_Plate_03_72_NPA,70,Sample,1,3,1,72
210,1719064149.77141,20240620_WFB_Plate_03_67_NPA,65,Sample,1,3,1,67
211,1719067900.51027,20240620_WFB_Plate_03_NC17_NPA,397,Sample,1,3,1,NC17
212,1719071657.00055,20240620_WFB_Plate_03_1133_NPA,232,Sample,1,3,1,1133
213,1719075409.3902,20240620_WFB_Plate_03_1040-2_NPA,335,Sample,1,3,1,1040.2
214,1719079162.72948,20240620_WFB_Plate_03_H13_NPA,300,Sample,1,3,1,H13
215,1719082916.03575,20240620_WFB_Plate_03_1124_NPA,223,Sample,1,3,1,1124
216,1719086669.00048,20240620_WFB_Plate_03_1021_NPA,121,Sample,1,3,1,1021
217,1719090424.21199,20240620_WFB_Plate_03_62_NPA,60,Sample,1,3,1,62
218,1719094178.77906,20240620_WFB_Plate_03_1108-2_NPA,340,Sample,1,3,1,1108.2
219,1719097929.82117,20240620_WFB_Plate_03_1129-2_NPA,357,Sample,1,3,1,1129.2
220,1719101687.19126,20240620_WFB_Plate_03_1113_NPA,212,Sample,1,3,1,1113
221,1719105440.71564,20240620_WFB_Plate_03_1072_NPA,171,Sample,1,3,1,1072
222,1719109193.97063,20240620_WFB_Plate_03_1115_NPA,214,Sample,1,3,1,1115
223,1719158534.58494,20240620_WFB_Plate_03_H12_NPA,299,Sample,1,3,1,H12
224,1719162292.55465,20240620_WFB_Plate_03_1117_NPA,216,Sample,1,3,1,1117
225,1719165728.15048,20240620_WFB_Plate_03_QC_03,-1,QC,1,3,1,QC
226,1719169484.6811,20240620_WFB_Plate_03_48_NPB,47,Sample,1,3,1,48
227,1719173237.63106,20240620_WFB_Plate_03_1033_NPB,133,Sample,1,3,1,1033
228,1719176992.43951,20240620_WFB_Plate_03_1143-2_NPB,365,Sample,1,3,1,1143.2
229,1719180746.92309,20240620_WFB_Plate_03_99_NPB,97,Sample,1,3,1,99
230,1719184505.50476,20240620_WFB_Plate_03_68_NPB,66,Sample,1,3,1,68
231,1719188258.35043,20240620_WFB_Plate_03_14_NPB,13,Sample,1,3,1,14
232,1719192013.5997,20240620_WFB_Plate_03_NC5_NPB,385,Sample,1,3,1,NC5
233,1719195768.7485,20240620_WFB_Plate_03_44_NPB,43,Sample,1,3,1,44
234,1719199521.8242,20240620_WFB_Plate_03_1050_NPB,149,Sample,1,3,1,1050
235,1719203276.48628,20240620_WFB_Plate_03_1122_NPB,221,Sample,1,3,1,1122
236,1719207033.92322,20240620_WFB_Plate_03_2018-67_NPB,330,Sample,1,3,1,2018.67
237,1719210786.44239,20240620_WFB_Plate_03_1143_NPB,241,Sample,1,3,1,1143
238,1719214541.21634,20240620_WFB_Plate_03_1098_NPB,197,Sample,1,3,1,1098
239,1719218298.29451,20240620_WFB_Plate_03_1107_NPB,206,Sample,1,3,1,1107
240,1719222051.51221,20240620_WFB_Plate_03_1011_NPB,111,Sample,1,3,1,1011
241,1719225808.74387,20240620_WFB_Plate_03_1066_NPB,165,Sample,1,3,1,1066
242,1719229561.64161,20240620_WFB_Plate_03_H16_NPB,303,Sample,1,3,1,H16
243,1719233316.4587,20240620_WFB_Plate_03_1119-2_NPB,350,Sample,1,3,1,1119.2
244,1719237071.07364,20240620_WFB_Plate_03_1014_NPB,114,Sample,1,3,1,1014
245,1719240823.97986,20240620_WFB_Plate_03_1161_NPB,259,Sample,1,3,1,1161
246,1719244261.09795,20240620_WFB_Plate_03_QC_04,-1,QC,1,3,1,QC
247,1719248017.58872,20240620_WFB_Plate_03_82_NPB,80,Sample,1,3,1,82
248,1719251773.86505,20240620_WFB_Plate_03_88_NPB,86,Sample,1,3,1,88
249,1719255528.46272,20240620_WFB_Plate_03_1172_NPB,270,Sample,1,3,1,1172
250,1719259285.28769,20240620_WFB_Plate_03_1182_NPB,280,Sample,1,3,1,1182
251,1719263038.20392,20240620_WFB_Plate_03_72_NPB,70,Sample,1,3,1,72
252,1719266791.46995,20240620_WFB_Plate_03_67_NPB,65,Sample,1,3,1,67
253,1719270546.82789,20240620_WFB_Plate_03_NC17_NPB,397,Sample,1,3,1,NC17
254,1719274301.29619,20240620_WFB_Plate_03_1133_NPB,232,Sample,1,3,1,1133
255,1719278054.37337,20240620_WFB_Plate_03_1040-2_NPB,335,Sample,1,3,1,1040.2
256,1719281807.46747,20240620_WFB_Plate_03_H13_NPB,300,Sample,1,3,1,H13
257,1719285560.44012,20240620_WFB_Plate_03_1124_NPB,223,Sample,1,3,1,1124
258,1719334153.34536,20240620_WFB_Plate_03_QC_04_Extra,-1,QC,1,3,1,QC
259,1719337914.96389,20240620_WFB_Plate_03_1021_NPB,121,Sample,1,3,1,1021
260,1719341673.30569,20240620_WFB_Plate_03_62_NPB,60,Sample,1,3,1,62
261,1719354645.17521,20240620_WFB_Plate_03_1108-2_NPB,340,Sample,1,3,1,1108.2
262,1719358396.91233,20240620_WFB_Plate_03_1129-2_NPB,357,Sample,1,3,1,1129.2
263,1719362154.51279,20240620_WFB_Plate_03_1113_NPB,212,Sample,1,3,1,1113
264,1719365912.28801,20240620_WFB_Plate_03_1072_NPB,171,Sample,1,3,1,1072
265,1719369670.02425,20240620_WFB_Plate_03_1115_NPB,214,Sample,1,3,1,1115
266,1719373427.99906,20240620_WFB_Plate_03_H12_NPB,299,Sample,1,3,1,H12
267,1719377185.82439,20240620_WFB_Plate_03_1117_NPB,216,Sample,1,3,1,1117
268,1719380625.79863,20240620_WFB_Plate_03_QC_05,-1,QC,1,3,1,QC
269,1719384384.63415,20240620_WFB_Plate_03_PC1,-1,Control,1,3,1,PC1
270,1719388146.69881,20240620_WFB_Plate_03_DC,-1,Control,1,3,1,DC
271,1719391904.61507,20240620_WFB_Plate_03_MPE,-1,Control,1,3,1,MPE
272,1719395664.25431,20240620_WFB_Plate_03_PC2,-1,Control,1,3,1,PC2
273,1719399452.34603,20240620_WFB_Plate_03_MSControl,-1,Control,1,3,1,MSControl
274,1719402874.13109,20240620_WFB_Plate_03_Blank_20240626055733,-1,Blank,0,3,1,Blank
275,1719424066.0575,20240626_WFB_Plate_04_QC_01,-1,QC,1,4,1,QC
276,1719427826.02424,20240626_WFB_Plate_04_1067_NPA,166,Sample,1,4,1,1067
277,1719431585.2173,20240626_WFB_Plate_04_91_NPA,89,Sample,1,4,1,91
278,1719435348.0158,20240626_WFB_Plate_04_3_NPA,3,Sample,1,4,1,3
279,1719439113.92226,20240626_WFB_Plate_04_1186_NPA,284,Sample,1,4,1,1186
280,1719442875.49804,20240626_WFB_Plate_04_1105_NPA,204,Sample,1,4,1,1105
281,1719446639.12112,20240626_WFB_Plate_04_1130-2_NPA,358,Sample,1,4,1,1130.2
282,1719450400.74144,20240626_WFB_Plate_04_60_NPA,58,Sample,1,4,1,60
283,1719454160.54883,20240626_WFB_Plate_04_17_NPA,16,Sample,1,4,1,17
284,1719457919.6958,20240626_WFB_Plate_04_1173_NPA,271,Sample,1,4,1,1173
285,1719461679.14565,20240626_WFB_Plate_04_NC11_NPA,391,Sample,1,4,1,NC11
286,1719465436.88511,20240626_WFB_Plate_04_1106_NPA,205,Sample,1,4,1,1106
287,1719469194.72398,20240626_WFB_Plate_04_H24_NPA,311,Sample,1,4,1,H24
288,1719472953.66072,20240626_WFB_Plate_04_NC15_NPA,395,Sample,1,4,1,NC15
289,1719476711.81955,20240626_WFB_Plate_04_1160-2_NPA,376,Sample,1,4,1,1160.2
290,1719480473.61223,20240626_WFB_Plate_04_20_NPA,19,Sample,1,4,1,20
291,1719484234.7298,20240626_WFB_Plate_04_1169-2_NPA,379,Sample,1,4,1,1169.2
292,1719487994.49189,20240626_WFB_Plate_04_1153_NPA,251,Sample,1,4,1,1153
293,1719491752.33223,20240626_WFB_Plate_04_1136-2_NPA,360,Sample,1,4,1,1136.2
294,1719495513.55566,20240626_WFB_Plate_04_1148_NPA,246,Sample,1,4,1,1148
295,1719499270.93769,20240626_WFB_Plate_04_1023_NPA,123,Sample,1,4,1,1023
296,1719502708.96216,20240626_WFB_Plate_04_QC_02,-1,QC,1,4,1,QC
297,1719506470.95559,20240626_WFB_Plate_04_1082_NPA,181,Sample,1,4,1,1082
298,1719510228.12527,20240626_WFB_Plate_04_79_NPA,77,Sample,1,4,1,79
299,1719513985.97186,20240626_WFB_Plate_04_2006-95_NPA,320,Sample,1,4,1,2006.95
300,1719517743.99017,20240626_WFB_Plate_04_1185_NPA,283,Sample,1,4,1,1185
301,1719521501.10579,20240626_WFB_Plate_04_1131_NPA,230,Sample,1,4,1,1131
302,1719525260.92696,20240626_WFB_Plate_04_1005_NPA,105,Sample,1,4,1,1005
303,1719529019.14794,20240626_WFB_Plate_04_1171_NPA,269,Sample,1,4,1,1171
304,1719532777.12917,20240626_WFB_Plate_04_1132_NPA,231,Sample,1,4,1,1132
305,1719536539.11471,20240626_WFB_Plate_04_1055_NPA,154,Sample,1,4,1,1055
306,1719540296.27215,20240626_WFB_Plate_04_1075_NPA,174,Sample,1,4,1,1075
307,1719544055.53376,20240626_WFB_Plate_04_1151-2_NPA,371,Sample,1,4,1,1151.2
308,1719547815.75108,20240626_WFB_Plate_04_38_NPA,37,Sample,1,4,1,38
309,1719551573.52735,20240626_WFB_Plate_04_H4_NPA,291,Sample,1,4,1,H4
310,1719555333.04203,20240626_WFB_Plate_04_10_NPA,10,Sample,1,4,1,10
311,1719559094.51321,20240626_WFB_Plate_04_53_NPA,52,Sample,1,4,1,53
312,1719562854.07108,20240626_WFB_Plate_04_1139_NPA,237,Sample,1,4,1,1139
313,1719566611.88963,20240626_WFB_Plate_04_97_NPA,95,Sample,1,4,1,97
314,1719570371.03707,20240626_WFB_Plate_04_1123_NPA,222,Sample,1,4,1,1123
315,1719574128.92863,20240626_WFB_Plate_04_H1_NPA,288,Sample,1,4,1,H1
316,1719577889.12417,20240626_WFB_Plate_04_1084_NPA,183,Sample,1,4,1,1084
317,1719581328.84001,20240626_WFB_Plate_04_QC_03,-1,QC,1,4,1,QC
318,1719585087.69358,20240626_WFB_Plate_04_1067_NPB,166,Sample,1,4,1,1067
319,1719588849.81127,20240626_WFB_Plate_04_91_NPB,89,Sample,1,4,1,91
320,1719592607.59622,20240626_WFB_Plate_04_3_NPB,3,Sample,1,4,1,3
321,1719596367.59447,20240626_WFB_Plate_04_1186_NPB,284,Sample,1,4,1,1186
322,1719600127.18182,20240626_WFB_Plate_04_1105_NPB,204,Sample,1,4,1,1105
323,1719603888.01904,20240626_WFB_Plate_04_1130-2_NPB,358,Sample,1,4,1,1130.2
324,1719607647.59353,20240626_WFB_Plate_04_60_NPB,58,Sample,1,4,1,60
325,1719611405.40318,20240626_WFB_Plate_04_17_NPB,16,Sample,1,4,1,17
326,1719615162.42584,20240626_WFB_Plate_04_1173_NPB,271,Sample,1,4,1,1173
327,1719618919.72508,20240626_WFB_Plate_04_NC11_NPB,391,Sample,1,4,1,NC11
328,1719622678.3541,20240626_WFB_Plate_04_1106_NPB,205,Sample,1,4,1,1106
329,1719626433.44817,20240626_WFB_Plate_04_H24_NPB,311,Sample,1,4,1,H24
330,1719630191.02156,20240626_WFB_Plate_04_NC15_NPB,395,Sample,1,4,1,NC15
331,1719633948.52744,20240626_WFB_Plate_04_1160-2_NPB,376,Sample,1,4,1,1160.2
332,1719637709.71817,20240626_WFB_Plate_04_20_NPB,19,Sample,1,4,1,20
333,1719641471.01332,20240626_WFB_Plate_04_1169-2_NPB,379,Sample,1,4,1,1169.2
334,1719645230.32837,20240626_WFB_Plate_04_1153_NPB,251,Sample,1,4,1,1153
335,1719648992.34806,20240626_WFB_Plate_04_1136-2_NPB,360,Sample,1,4,1,1136.2
336,1719652750.36973,20240626_WFB_Plate_04_1148_NPB,246,Sample,1,4,1,1148
337,1719656509.71039,20240626_WFB_Plate_04_1023_NPB,123,Sample,1,4,1,1023
338,1719659949.78111,20240626_WFB_Plate_04_QC_04,-1,QC,1,4,1,QC
339,1719663709.6593,20240626_WFB_Plate_04_1082_NPB,181,Sample,1,4,1,1082
340,1719667466.83786,20240626_WFB_Plate_04_79_NPB,77,Sample,1,4,1,79
341,1719671225.0927,20240626_WFB_Plate_04_2006-95_NPB,320,Sample,1,4,1,2006.95
342,1719674984.75083,20240626_WFB_Plate_04_1185_NPB,283,Sample,1,4,1,1185
343,1719678744.24667,20240626_WFB_Plate_04_1131_NPB,230,Sample,1,4,1,1131
344,1719682501.17535,20240626_WFB_Plate_04_1005_NPB,105,Sample,1,4,1,1005
345,1719686265.2673,20240626_WFB_Plate_04_1171_NPB,269,Sample,1,4,1,1171
346,1719690027.27201,20240626_WFB_Plate_04_1132_NPB,231,Sample,1,4,1,1132
347,1719693786.55203,20240626_WFB_Plate_04_1055_NPB,154,Sample,1,4,1,1055
348,1719697550.29413,20240626_WFB_Plate_04_1075_NPB,174,Sample,1,4,1,1075
349,1719701309.85299,20240626_WFB_Plate_04_1151-2_NPB,371,Sample,1,4,1,1151.2
350,1719705069.75253,20240626_WFB_Plate_04_38_NPB,37,Sample,1,4,1,38
351,1719708833.03064,20240626_WFB_Plate_04_H4_NPB,291,Sample,1,4,1,H4
352,1719712592.86514,20240626_WFB_Plate_04_10_NPB,10,Sample,1,4,1,10
353,1719716351.02053,20240626_WFB_Plate_04_53_NPB,52,Sample,1,4,1,53
354,1719720114.50635,20240626_WFB_Plate_04_1139_NPB,237,Sample,1,4,1,1139
355,1719723873.92634,20240626_WFB_Plate_04_97_NPB,95,Sample,1,4,1,97
356,1719727631.57434,20240626_WFB_Plate_04_1123_NPB,222,Sample,1,4,1,1123
357,1719731389.35931,20240626_WFB_Plate_04_H1_NPB,288,Sample,1,4,1,H1
358,1719735147.2146,20240626_WFB_Plate_04_1084_NPB,183,Sample,1,4,1,1084
359,1719738588.93651,20240626_WFB_Plate_04_QC_05,-1,QC,1,4,1,QC
360,1719742350.52239,20240626_WFB_Plate_04_PC1,-1,Control,1,4,1,PC1
361,1719746112.26743,20240626_WFB_Plate_04_DC,-1,Control,1,4,1,DC
362,1719749872.12103,20240626_WFB_Plate_04_MPE,-1,Control,1,4,1,MPE
363,1719753630.89972,20240626_WFB_Plate_04_PC2,-1,Control,1,4,1,PC2
364,1719757418.61934,20240626_WFB_Plate_04_MSControl,-1,Control,1,4,1,MSControl
365,1719760836.86725,20240626_WFB_Plate_04_Blank,-1,Blank,0,4,1,Blank
366,1719764288.68579,20240630_WFB_Plate_05_QC_01,-1,QC,1,5,1,QC
367,1719768048.32456,20240630_WFB_Plate_05_52_NPA,51,Sample,1,5,1,52
368,1719771808.07172,20240630_WFB_Plate_05_1_NPA,1,Sample,1,5,1,1
369,1719775566.77254,20240630_WFB_Plate_05_2008-53_NPA,322,Sample,1,5,1,2008.53
370,1719779326.70809,20240630_WFB_Plate_05_1025_NPA,125,Sample,1,5,1,1025
371,1719783075.95934,20240630_WFB_Plate_05_H3_NPA,290,Sample,1,5,1,H3
372,1719786837.70771,20240630_WFB_Plate_05_1047_NPA,146,Sample,1,5,1,1047
373,1719790599.59073,20240630_WFB_Plate_05_1178_NPA,276,Sample,1,5,1,1178
374,1719794361.03158,20240630_WFB_Plate_05_4_NPA,4,Sample,1,5,1,4
375,1719798120.68828,20240630_WFB_Plate_05_1089_NPA,188,Sample,1,5,1,1089
376,1719801880.12639,20240630_WFB_Plate_05_1160_NPA,258,Sample,1,5,1,1160
377,1719805639.82901,20240630_WFB_Plate_05_1112_NPA,211,Sample,1,5,1,1112
378,1719809399.38505,20240630_WFB_Plate_05_80_NPA,78,Sample,1,5,1,80
379,1719813160.38197,20240630_WFB_Plate_05_31_NPA,30,Sample,1,5,1,31
380,1719816919.88587,20240630_WFB_Plate_05_NC4_NPA,384,Sample,1,5,1,NC4
381,1719820681.12768,20240630_WFB_Plate_05_1149-2_NPA,370,Sample,1,5,1,1149.2
382,1719824441.05853,20240630_WFB_Plate_05_63_NPA,61,Sample,1,5,1,63
383,1719828202.45041,20240630_WFB_Plate_05_1012_NPA,112,Sample,1,5,1,1012
384,1719831962.01455,20240630_WFB_Plate_05_1144-2_NPA,366,Sample,1,5,1,1144.2
385,1719835721.74517,20240630_WFB_Plate_05_NC10_NPA,390,Sample,1,5,1,NC10
386,1719839479.47843,20240630_WFB_Plate_05_74_NPA,72,Sample,1,5,1,74
387,1719842919.30926,20240630_WFB_Plate_05_QC_02,-1,QC,1,5,1,QC
388,1719846680.40967,20240630_WFB_Plate_05_1120_NPA,219,Sample,1,5,1,1120
389,1719850438.11664,20240630_WFB_Plate_05_1147-2_NPA,368,Sample,1,5,1,1147.2
390,1719854179.09607,20240630_WFB_Plate_05_1122-2_NPA,352,Sample,1,5,1,1122.2
391,1719857935.08858,20240630_WFB_Plate_05_1068_NPA,167,Sample,1,5,1,1068
392,1719861697.29692,20240630_WFB_Plate_05_85_NPA,83,Sample,1,5,1,85
393,1719865457.1964,20240630_WFB_Plate_05_1189_NPA,287,Sample,1,5,1,1189
394,1719869215.84301,20240630_WFB_Plate_05_1125-2_NPA,354,Sample,1,5,1,1125.2
395,1719872977.46803,20240630_WFB_Plate_05_1046_NPA,145,Sample,1,5,1,1046
396,1719876736.95745,20240630_WFB_Plate_05_1073_NPA,172,Sample,1,5,1,1073
397,1719880495.94498,20240630_WFB_Plate_05_1007_NPA,107,Sample,1,5,1,1007
398,1719884257.64283,20240630_WFB_Plate_05_1127_NPA,226,Sample,1,5,1,1127
399,1719888016.82884,20240630_WFB_Plate_05_1179_NPA,277,Sample,1,5,1,1179
400,1719891780.23094,20240630_WFB_Plate_05_H20_NPA,307,Sample,1,5,1,H20
401,1719895543.60389,20240630_WFB_Plate_05_1166_NPA,264,Sample,1,5,1,1166
402,1719899307.2014,20240630_WFB_Plate_05_1146_NPA,244,Sample,1,5,1,1146
403,1719903069.07712,20240630_WFB_Plate_05_1076_NPA,175,Sample,1,5,1,1076
404,1719906828.53756,20240630_WFB_Plate_05_2003-16_NPA,317,Sample,1,5,1,2003.16
405,1719910586.23105,20240630_WFB_Plate_05_46_NPA,45,Sample,1,5,1,46
406,1719914343.93555,20240630_WFB_Plate_05_1145_NPA,243,Sample,1,5,1,1145
407,1719918101.37028,20240630_WFB_Plate_05_34_NPA,33,Sample,1,5,1,34
408,1719921541.10384,20240630_WFB_Plate_05_QC_03,-1,QC,1,5,1,QC
409,1719925300.26309,20240630_WFB_Plate_05_52_NPB,51,Sample,1,5,1,52
410,1719929060.10513,20240630_WFB_Plate_05_1_NPB,1,Sample,1,5,1,1
411,1719932823.63512,20240630_WFB_Plate_05_2008-53_NPB,322,Sample,1,5,1,2008.53
412,1719936580.61899,20240630_WFB_Plate_05_1025_NPB,125,Sample,1,5,1,1025
413,1719940342.67877,20240630_WFB_Plate_05_H3_NPB,290,Sample,1,5,1,H3
414,1719944103.87894,20240630_WFB_Plate_05_1047_NPB,146,Sample,1,5,1,1047
415,1719947861.15469,20240630_WFB_Plate_05_1178_NPB,276,Sample,1,5,1,1178
416,1719951620.70938,20240630_WFB_Plate_05_4_NPB,4,Sample,1,5,1,4
417,1719955382.64019,20240630_WFB_Plate_05_1089_NPB,188,Sample,1,5,1,1089
418,1719959146.41107,20240630_WFB_Plate_05_1160_NPB,258,Sample,1,5,1,1160
419,1719962906.60652,20240630_WFB_Plate_05_1112_NPB,211,Sample,1,5,1,1112
420,1719966666.15277,20240630_WFB_Plate_05_80_NPB,78,Sample,1,5,1,80
421,1719970423.51168,20240630_WFB_Plate_05_31_NPB,30,Sample,1,5,1,31
422,1719974184.93231,20240630_WFB_Plate_05_NC4_NPB,384,Sample,1,5,1,NC4
423,1719977946.02544,20240630_WFB_Plate_05_1149-2_NPB,370,Sample,1,5,1,1149.2
424,1719981705.39388,20240630_WFB_Plate_05_63_NPB,61,Sample,1,5,1,63
425,1719985469.56556,20240630_WFB_Plate_05_1012_NPB,112,Sample,1,5,1,1012
426,1719989228.80442,20240630_WFB_Plate_05_1144-2_NPB,366,Sample,1,5,1,1144.2
427,1719992990.36281,20240630_WFB_Plate_05_NC10_NPB,390,Sample,1,5,1,NC10
428,1719996752.74953,20240630_WFB_Plate_05_74_NPB,72,Sample,1,5,1,74
429,1720000193.17954,20240630_WFB_Plate_05_QC_04,-1,QC,1,5,1,QC
430,1720003952.83137,20240630_WFB_Plate_05_1120_NPB,219,Sample,1,5,1,1120
431,1720007716.24114,20240630_WFB_Plate_05_1147-2_NPB,368,Sample,1,5,1,1147.2
432,1720011475.39663,20240630_WFB_Plate_05_1122-2_NPB,352,Sample,1,5,1,1122.2
433,1720015235.71665,20240630_WFB_Plate_05_1068_NPB,167,Sample,1,5,1,1068
434,1720018996.81759,20240630_WFB_Plate_05_85_NPB,83,Sample,1,5,1,85
435,1720022758.55299,20240630_WFB_Plate_05_1189_NPB,287,Sample,1,5,1,1189
436,1720026520.62784,20240630_WFB_Plate_05_1125-2_NPB,354,Sample,1,5,1,1125.2
437,1720030284.33348,20240630_WFB_Plate_05_1046_NPB,145,Sample,1,5,1,1046
438,1720034046.17572,20240630_WFB_Plate_05_1073_NPB,172,Sample,1,5,1,1073
439,1720037810.6771,20240630_WFB_Plate_05_1007_NPB,107,Sample,1,5,1,1007
440,1720041574.07315,20240630_WFB_Plate_05_1127_NPB,226,Sample,1,5,1,1127
441,1720045334.13554,20240630_WFB_Plate_05_1179_NPB,277,Sample,1,5,1,1179
442,1720049097.16603,20240630_WFB_Plate_05_H20_NPB,307,Sample,1,5,1,H20
443,1720052858.11613,20240630_WFB_Plate_05_1166_NPB,264,Sample,1,5,1,1166
444,1720056617.42422,20240630_WFB_Plate_05_1146_NPB,244,Sample,1,5,1,1146
445,1720060380.55017,20240630_WFB_Plate_05_1076_NPB,175,Sample,1,5,1,1076
446,1720064141.97109,20240630_WFB_Plate_05_2003-16_NPB,317,Sample,1,5,1,2003.16
447,1720067900.0102,20240630_WFB_Plate_05_46_NPB,45,Sample,1,5,1,46
448,1720071659.58415,20240630_WFB_Plate_05_1145_NPB,243,Sample,1,5,1,1145
449,1720075421.58246,20240630_WFB_Plate_05_34_NPB,33,Sample,1,5,1,34
450,1720078861.30226,20240630_WFB_Plate_05_QC_05,-1,QC,1,5,1,QC
451,1720082624.98973,20240630_WFB_Plate_05_PC1,-1,Control,1,5,1,PC1
452,1720086388.04799,20240630_WFB_Plate_05_DC,-1,Control,1,5,1,DC
453,1720090150.02214,20240630_WFB_Plate_05_MPE,-1,Control,1,5,1,MPE
454,1720093913.38222,20240630_WFB_Plate_05_PC2,-1,Control,1,5,1,PC2
455,1720097702.74417,20240630_WFB_Plate_05_MSControl,-1,Control,1,5,1,MSControl
456,1720101120.79057,20240630_WFB_Plate_05_Blank,-1,Blank,0,5,1,Blank
457,1720117187.79581,20240704_WFB_Plate_06_QC_01,-1,QC,1,6,1,QC
458,1720120961.79279,20240704_WFB_Plate_06_1183_NPA,281,Sample,1,6,1,1183
459,1720124727.0498,20240704_WFB_Plate_06_1129_NPA,228,Sample,1,6,1,1129
460,1720128490.90528,20240704_WFB_Plate_06_86_NPA,84,Sample,1,6,1,86
461,1720132256.93131,20240704_WFB_Plate_06_58_NPA,57,Sample,1,6,1,58
462,1720136026.8999,20240704_WFB_Plate_06_1036_NPA,136,Sample,1,6,1,1036
463,1720139794.67478,20240704_WFB_Plate_06_1167_NPA,265,Sample,1,6,1,1167
464,1720143562.03441,20240704_WFB_Plate_06_54_NPA,53,Sample,1,6,1,54
465,1720147333.93484,20240704_WFB_Plate_06_1138-2_NPA,362,Sample,1,6,1,1138.2
466,1720151102.02553,20240704_WFB_Plate_06_1110-2_NPA,342,Sample,1,6,1,1110.2
467,1720154869.44137,20240704_WFB_Plate_06_1085_NPA,184,Sample,1,6,1,1085
468,1720158641.13084,20240704_WFB_Plate_06_1135-2_NPA,359,Sample,1,6,1,1135.2
469,1720162408.9515,20240704_WFB_Plate_06_1141-2_NPA,363,Sample,1,6,1,1141.2
470,1720166175.21996,20240704_WFB_Plate_06_51_NPA,50,Sample,1,6,1,51
471,1720169940.84698,20240704_WFB_Plate_06_NC3_NPA,383,Sample,1,6,1,NC3
472,1720173706.98554,20240704_WFB_Plate_06_1158_NPA,256,Sample,1,6,1,1158
473,1720177474.30702,20240704_WFB_Plate_06_1088_NPA,187,Sample,1,6,1,1088
474,1720181242.14826,20240704_WFB_Plate_06_H9_NPA,296,Sample,1,6,1,H9
475,1720185005.90171,20240704_WFB_Plate_06_1128_NPA,227,Sample,1,6,1,1128
476,1720188773.68018,20240704_WFB_Plate_06_22_NPA,21,Sample,1,6,1,22
477,1720192538.32001,20240704_WFB_Plate_06_1148-2_NPA,369,Sample,1,6,1,1148.2
478,1720195986.75047,20240704_WFB_Plate_06_QC_02,-1,QC,1,6,1,QC
479,1720199758.04743,20240704_WFB_Plate_06_7_NPA,7,Sample,1,6,1,7
480,1720203523.17863,20240704_WFB_Plate_06_1095_NPA,194,Sample,1,6,1,1095
481,1720207294.13357,20240704_WFB_Plate_06_16_NPA,15,Sample,1,6,1,16
482,1720211059.57154,20240704_WFB_Plate_06_1119_NPA,218,Sample,1,6,1,1119
483,1720214829.41207,20240704_WFB_Plate_06_1034_NPA,134,Sample,1,6,1,1034
484,1720218606.46874,20240704_WFB_Plate_06_2009-56_NPA,323,Sample,1,6,1,2009.56
485,1720222371.93374,20240704_WFB_Plate_06_1042_NPA,142,Sample,1,6,1,1042
486,1720226143.54271,20240704_WFB_Plate_06_42_NPA,41,Sample,1,6,1,42
487,1720229909.93695,20240704_WFB_Plate_06_94_NPA,92,Sample,1,6,1,94
488,1720233679.62616,20240704_WFB_Plate_06_8_NPA,8,Sample,1,6,1,8
489,1720237442.75326,20240704_WFB_Plate_06_H23_NPA,310,Sample,1,6,1,H23
490,1720241213.92142,20240704_WFB_Plate_06_2011-101_NPA,325,Sample,1,6,1,2011.101
491,1720244983.13364,20240704_WFB_Plate_06_1083_NPA,182,Sample,1,6,1,1083
492,1720248748.42436,20240704_WFB_Plate_06_1008_NPA,108,Sample,1,6,1,1008
493,1720252513.88746,20240704_WFB_Plate_06_1039_NPA,139,Sample,1,6,1,1039
494,1720256279.02079,20240704_WFB_Plate_06_1099_NPA,198,Sample,1,6,1,1099
495,1720260048.50718,20240704_WFB_Plate_06_1125_NPA,224,Sample,1,6,1,1125
496,1720263816.09873,20240704_WFB_Plate_06_NC12_NPA,392,Sample,1,6,1,NC12
497,1720267584.49314,20240704_WFB_Plate_06_1018_NPA,118,Sample,1,6,1,1018
498,1720271357.93268,20240704_WFB_Plate_06_1150_NPA,248,Sample,1,6,1,1150
499,1720274803.85157,20240704_WFB_Plate_06_QC_03,-1,QC,1,6,1,QC
500,1720278567.71886,20240704_WFB_Plate_06_1183_NPB,281,Sample,1,6,1,1183
501,1720282333.48001,20240704_WFB_Plate_06_1129_NPB,228,Sample,1,6,1,1129
502,1720286101.64762,20240704_WFB_Plate_06_86_NPB,84,Sample,1,6,1,86
503,1720289868.86935,20240704_WFB_Plate_06_58_NPB,57,Sample,1,6,1,58
504,1720293634.75089,20240704_WFB_Plate_06_1036_NPB,136,Sample,1,6,1,1036
505,1720297398.15495,20240704_WFB_Plate_06_1167_NPB,265,Sample,1,6,1,1167
506,1720301164.49515,20240704_WFB_Plate_06_54_NPB,53,Sample,1,6,1,54
507,1720304929.82639,20240704_WFB_Plate_06_1138-2_NPB,362,Sample,1,6,1,1138.2
508,1720308695.75402,20240704_WFB_Plate_06_1110-2_NPB,342,Sample,1,6,1,1110.2
509,1720312461.38924,20240704_WFB_Plate_06_1085_NPB,184,Sample,1,6,1,1085
510,1720316228.47481,20240704_WFB_Plate_06_1135-2_NPB,359,Sample,1,6,1,1135.2
511,1720319992.10529,20240704_WFB_Plate_06_1141-2_NPB,363,Sample,1,6,1,1141.2
512,1720323760.25173,20240704_WFB_Plate_06_51_NPB,50,Sample,1,6,1,51
513,1720327528.07315,20240704_WFB_Plate_06_NC3_NPB,383,Sample,1,6,1,NC3
514,1720331293.64958,20240704_WFB_Plate_06_1158_NPB,256,Sample,1,6,1,1158
515,1720335060.22597,20240704_WFB_Plate_06_1088_NPB,187,Sample,1,6,1,1088
516,1720338829.91212,20240704_WFB_Plate_06_H9_NPB,296,Sample,1,6,1,H9
517,1720342599.34326,20240704_WFB_Plate_06_1128_NPB,227,Sample,1,6,1,1128
518,1720346365.0334,20240704_WFB_Plate_06_22_NPB,21,Sample,1,6,1,22
519,1720350132.66902,20240704_WFB_Plate_06_1148-2_NPB,369,Sample,1,6,1,1148.2
520,1720353577.12359,20240704_WFB_Plate_06_QC_04,-1,QC,1,6,1,QC
521,1720357346.99498,20240704_WFB_Plate_06_7_NPB,7,Sample,1,6,1,7
522,1720361112.76336,20240704_WFB_Plate_06_1095_NPB,194,Sample,1,6,1,1095
523,1720364880.45141,20240704_WFB_Plate_06_16_NPB,15,Sample,1,6,1,16
524,1720368645.78686,20240704_WFB_Plate_06_1119_NPB,218,Sample,1,6,1,1119
525,1720372413.49435,20240704_WFB_Plate_06_1034_NPB,134,Sample,1,6,1,1034
526,1720376181.72986,20240704_WFB_Plate_06_2009-56_NPB,323,Sample,1,6,1,2009.56
527,1720379949.04194,20240704_WFB_Plate_06_1042_NPB,142,Sample,1,6,1,1042
528,1720383715.80717,20240704_WFB_Plate_06_42_NPB,41,Sample,1,6,1,42
529,1720387480.97484,20240704_WFB_Plate_06_94_NPB,92,Sample,1,6,1,94
530,1720391246.59852,20240704_WFB_Plate_06_8_NPB,8,Sample,1,6,1,8
531,1720395016.13987,20240704_WFB_Plate_06_H23_NPB,310,Sample,1,6,1,H23
532,1720398784.22228,20240704_WFB_Plate_06_2011-101_NPB,325,Sample,1,6,1,2011.101
533,1720402553.35865,20240704_WFB_Plate_06_1083_NPB,182,Sample,1,6,1,1083
534,1720406320.89136,20240704_WFB_Plate_06_1008_NPB,108,Sample,1,6,1,1008
535,1720410090.62996,20240704_WFB_Plate_06_1039_NPB,139,Sample,1,6,1,1039
536,1720413858.50858,20240704_WFB_Plate_06_1099_NPB,198,Sample,1,6,1,1099
537,1720417626.08582,20240704_WFB_Plate_06_1125_NPB,224,Sample,1,6,1,1125
538,1720421395.49498,20240704_WFB_Plate_06_NC12_NPB,392,Sample,1,6,1,NC12
539,1720425163.25343,20240704_WFB_Plate_06_1018_NPB,118,Sample,1,6,1,1018
540,1720428931.12298,20240704_WFB_Plate_06_1150_NPB,248,Sample,1,6,1,1150
541,1720432376.62221,20240704_WFB_Plate_06_QC_05,-1,QC,1,6,1,QC
542,1720436144.36456,20240704_WFB_Plate_06_PC1,-1,Control,1,6,1,PC1
543,1720439909.79498,20240704_WFB_Plate_06_DC,-1,Control,1,6,1,DC
544,1720443677.60542,20240704_WFB_Plate_06_MPE,-1,Control,1,6,1,MPE
545,1720447443.5691,20240704_WFB_Plate_06_PC2,-1,Control,1,6,1,PC2
546,1720451239.40291,20240704_WFB_Plate_06_MSControl,-1,Control,1,6,1,MSControl
547,1720460445.52102,20240708_WFB_Plate_07_QC_01,-1,QC,1,7,1,QC
548,1720464219.83136,20240708_WFB_Plate_07_NC20_NPA,400,Sample,1,7,1,NC20
549,1720467987.44388,20240708_WFB_Plate_07_6_NPA,6,Sample,1,7,1,6
550,1720471753.25869,20240708_WFB_Plate_07_1142-2_NPA,364,Sample,1,7,1,1142.2
551,1720475527.34913,20240708_WFB_Plate_07_1180_NPA,278,Sample,1,7,1,1180
552,1720479301.07382,20240708_WFB_Plate_07_76_NPA,74,Sample,1,7,1,76
553,1720483072.88678,20240708_WFB_Plate_07_1168_NPA,266,Sample,1,7,1,1168
554,1720486840.00593,20240708_WFB_Plate_07_1135_NPA,233,Sample,1,7,1,1135
555,1720490615.96986,20240708_WFB_Plate_07_1112-2_NPA,344,Sample,1,7,1,1112.2
556,1720494385.47618,20240708_WFB_Plate_07_1043_NPA,143,Sample,1,7,1,1043
557,1720498153.14705,20240708_WFB_Plate_07_89_NPA,87,Sample,1,7,1,89
558,1720501922.2697,20240708_WFB_Plate_07_H27_NPA,314,Sample,1,7,1,H27
559,1720505693.65205,20240708_WFB_Plate_07_NC8_NPA,388,Sample,1,7,1,NC8
560,1720509460.84878,20240708_WFB_Plate_07_1050-2_NPA,336,Sample,1,7,1,1050.2
561,1720513229.97154,20240708_WFB_Plate_07_1060_NPA,159,Sample,1,7,1,1060
562,1720516997.62544,20240708_WFB_Plate_07_12_NPA,12,Sample,1,7,1,12
563,1720520769.28838,20240708_WFB_Plate_07_1051_NPA,150,Sample,1,7,1,1051
564,1720524537.49608,20240708_WFB_Plate_07_32_NPA,31,Sample,1,7,1,32
565,1720528305.19665,20240708_WFB_Plate_07_2019-61_NPA,331,Sample,1,7,1,2019.61
566,1720532077.5536,20240708_WFB_Plate_07_26_NPA,25,Sample,1,7,1,26
567,1720535849.37261,20240708_WFB_Plate_07_1118-2_NPA,349,Sample,1,7,1,1118.2
568,1720539297.19457,20240708_WFB_Plate_07_QC_02,-1,QC,1,7,1,QC
569,1720543071.13852,20240708_WFB_Plate_07_1175_NPA,273,Sample,1,7,1,1175
570,1720546843.24751,20240708_WFB_Plate_07_2_NPA,2,Sample,1,7,1,2
571,1720550615.35779,20240708_WFB_Plate_07_21_NPA,20,Sample,1,7,1,21
572,1720554391.40379,20240708_WFB_Plate_07_78_NPA,76,Sample,1,7,1,78
573,1720558161.02214,20240708_WFB_Plate_07_1141_NPA,239,Sample,1,7,1,1141
574,1720561932.39714,20240708_WFB_Plate_07_1147_NPA,245,Sample,1,7,1,1147
575,1720565700.21144,20240708_WFB_Plate_07_1154_NPA,252,Sample,1,7,1,1154
576,1720569471.88506,20240708_WFB_Plate_07_1027_NPA,127,Sample,1,7,1,1027
577,1720573241.52365,20240708_WFB_Plate_07_1031_NPA,131,Sample,1,7,1,1031
578,1720577008.87815,20240708_WFB_Plate_07_1054_NPA,153,Sample,1,7,1,1054
579,1720580778.53219,20240708_WFB_Plate_07_1097_NPA,196,Sample,1,7,1,1097
580,1720584551.91442,20240708_WFB_Plate_07_45_NPA,44,Sample,1,7,1,45
581,1720588325.60744,20240708_WFB_Plate_07_2010-11_NPA,324,Sample,1,7,1,2010.11
582,1720592093.81564,20240708_WFB_Plate_07_1169_NPA,267,Sample,1,7,1,1169
583,1720595861.8453,20240708_WFB_Plate_07_H19_NPA,306,Sample,1,7,1,H19
584,1720599633.03335,20240708_WFB_Plate_07_1094_NPA,193,Sample,1,7,1,1094
585,1720603407.0096,20240708_WFB_Plate_07_1136_NPA,234,Sample,1,7,1,1136
586,1720607176.60117,20240708_WFB_Plate_07_1004_NPA,104,Sample,1,7,1,1004
587,1720610944.33307,20240708_WFB_Plate_07_1078_NPA,177,Sample,1,7,1,1078
588,1720614714.22387,20240708_WFB_Plate_07_1105-2_NPA,337,Sample,1,7,1,1105.2
589,1720618164.64533,20240708_WFB_Plate_07_QC_03,-1,QC,1,7,1,QC
590,1720621934.35534,20240708_WFB_Plate_07_NC20_NPB,400,Sample,1,7,1,NC20
591,1720625708.56902,20240708_WFB_Plate_07_6_NPB,6,Sample,1,7,1,6
592,1720629478.20127,20240708_WFB_Plate_07_1142-2_NPB,364,Sample,1,7,1,1142.2
593,1720633246.51356,20240708_WFB_Plate_07_1180_NPB,278,Sample,1,7,1,1180
594,1720637016.26057,20240708_WFB_Plate_07_76_NPB,74,Sample,1,7,1,76
595,1720640786.53033,20240708_WFB_Plate_07_1168_NPB,266,Sample,1,7,1,1168
596,1720644556.58036,20240708_WFB_Plate_07_1135_NPB,233,Sample,1,7,1,1135
597,1720648328.36168,20240708_WFB_Plate_07_1112-2_NPB,344,Sample,1,7,1,1112.2
598,1720652097.99647,20240708_WFB_Plate_07_1043_NPB,143,Sample,1,7,1,1043
599,1720655867.76888,20240708_WFB_Plate_07_89_NPB,87,Sample,1,7,1,89
600,1720659638.18726,20240708_WFB_Plate_07_H27_NPB,314,Sample,1,7,1,H27
601,1720663408.8234,20240708_WFB_Plate_07_NC8_NPB,388,Sample,1,7,1,NC8
602,1720667177.1222,20240708_WFB_Plate_07_1050-2_NPB,336,Sample,1,7,1,1050.2
603,1720670951.05064,20240708_WFB_Plate_07_1060_NPB,159,Sample,1,7,1,1060
604,1720674724.9868,20240708_WFB_Plate_07_12_NPB,12,Sample,1,7,1,12
605,1720678496.42935,20240708_WFB_Plate_07_1051_NPB,150,Sample,1,7,1,1051
606,1720682268.02193,20240708_WFB_Plate_07_32_NPB,31,Sample,1,7,1,32
607,1720686037.81091,20240708_WFB_Plate_07_2019-61_NPB,331,Sample,1,7,1,2019.61
608,1720689807.67747,20240708_WFB_Plate_07_26_NPB,25,Sample,1,7,1,26
609,1720693577.46129,20240708_WFB_Plate_07_1118-2_NPB,349,Sample,1,7,1,1118.2
610,1720697023.40621,20240708_WFB_Plate_07_QC_04,-1,QC,1,7,1,QC
611,1720700795.40325,20240708_WFB_Plate_07_1175_NPB,273,Sample,1,7,1,1175
612,1720704564.87679,20240708_WFB_Plate_07_2_NPB,2,Sample,1,7,1,2
613,1720708338.73187,20240708_WFB_Plate_07_21_NPB,20,Sample,1,7,1,21
614,1720712110.84996,20240708_WFB_Plate_07_78_NPB,76,Sample,1,7,1,78
615,1720715880.63049,20240708_WFB_Plate_07_1141_NPB,239,Sample,1,7,1,1141
616,1720719651.98342,20240708_WFB_Plate_07_1147_NPB,245,Sample,1,7,1,1147
617,1720723422.21325,20240708_WFB_Plate_07_1154_NPB,252,Sample,1,7,1,1154
618,1720727190.35592,20240708_WFB_Plate_07_1027_NPB,127,Sample,1,7,1,1027
619,1720730960.27072,20240708_WFB_Plate_07_1031_NPB,131,Sample,1,7,1,1031
620,1720734734.30515,20240708_WFB_Plate_07_1054_NPB,153,Sample,1,7,1,1054
621,1720738509.5208,20240708_WFB_Plate_07_1097_NPB,196,Sample,1,7,1,1097
622,1720742285.01482,20240708_WFB_Plate_07_45_NPB,44,Sample,1,7,1,45
623,1720746058.18998,20240708_WFB_Plate_07_2010-11_NPB,324,Sample,1,7,1,2010.11
624,1720749827.67973,20240708_WFB_Plate_07_1169_NPB,267,Sample,1,7,1,1169
625,1720753594.97812,20240708_WFB_Plate_07_H19_NPB,306,Sample,1,7,1,H19
626,1720757364.4613,20240708_WFB_Plate_07_1094_NPB,193,Sample,1,7,1,1094
627,1720761133.89063,20240708_WFB_Plate_07_1136_NPB,234,Sample,1,7,1,1136
628,1720764906.15402,20240708_WFB_Plate_07_1004_NPB,104,Sample,1,7,1,1004
629,1720768681.67723,20240708_WFB_Plate_07_1078_NPB,177,Sample,1,7,1,1078
630,1720772455.47763,20240708_WFB_Plate_07_1105-2_NPB,337,Sample,1,7,1,1105.2
631,1720775907.44411,20240708_WFB_Plate_07_QC_05,-1,QC,1,7,1,QC
632,1720779681.30238,20240708_WFB_Plate_07_PC1,-1,Control,1,7,1,PC1
633,1720783450.96401,20240708_WFB_Plate_07_DC,-1,Control,1,7,1,DC
634,1720787220.7233,20240708_WFB_Plate_07_MPE,-1,Control,1,7,1,MPE
635,1720790988.33477,20240708_WFB_Plate_07_PC2,-1,Control,1,7,1,PC2
636,1720794782.75007,20240708_WFB_Plate_07_MSControl,-1,Control,1,7,1,MSControl
637,1721186698.11141,20240716_WFB_Plate_09_QC_01,-1,QC,1,9,1,QC
638,1721190447.95835,20240716_WFB_Plate_09_1024_NPA,124,Sample,1,9,1,1024
639,1721194196.41922,20240716_WFB_Plate_09_NC2_NPA,382,Sample,1,9,1,NC2
640,1721197945.88759,20240716_WFB_Plate_09_96_NPA,94,Sample,1,9,1,96
641,1721201693.44814,20240716_WFB_Plate_09_H7_NPA,294,Sample,1,9,1,H7
642,1721205441.11677,20240716_WFB_Plate_09_1152-2_NPA,372,Sample,1,9,1,1152.2
643,1721209190.5597,20240716_WFB_Plate_09_H18_NPA,305,Sample,1,9,1,H18
644,1721212940.09997,20240716_WFB_Plate_09_15_NPA,14,Sample,1,9,1,15
645,1721216689.71869,20240716_WFB_Plate_09_1077_NPA,176,Sample,1,9,1,1077
646,1721220438.80904,20240716_WFB_Plate_09_1001_NPA,101,Sample,1,9,1,1001
647,1721224186.83634,20240716_WFB_Plate_09_1158-2_NPA,375,Sample,1,9,1,1158.2
648,1721227938.53776,20240716_WFB_Plate_09_25_NPA,24,Sample,1,9,1,25
649,1721231685.81898,20240716_WFB_Plate_09_1061_NPA,160,Sample,1,9,1,1061
650,1721235433.42364,20240716_WFB_Plate_09_1120-2_NPA,351,Sample,1,9,1,1120.2
651,1721239180.75519,20240716_WFB_Plate_09_1124-2_NPA,353,Sample,1,9,1,1124.2
652,1721242928.30139,20240716_WFB_Plate_09_1029_NPA,129,Sample,1,9,1,1029
653,1721246677.76623,20240716_WFB_Plate_09_1164_NPA,262,Sample,1,9,1,1164
654,1721250425.30992,20240716_WFB_Plate_09_2001-58_NPA,315,Sample,1,9,1,2001.58
655,1721316930.92552,20240716_WFB_Plate_09_29_NPA,28,Sample,1,9,1,29
656,1721320682.53026,20240716_WFB_Plate_09_1096_NPA,195,Sample,1,9,1,1096
657,1721324429.51169,20240716_WFB_Plate_09_18_NPA,17,Sample,1,9,1,18
658,1721327861.22814,20240716_WFB_Plate_09_QC_02,-1,QC,1,9,1,QC
659,1721331606.96265,20240716_WFB_Plate_09_37_NPA,36,Sample,1,9,1,37
660,1721335352.9832,20240716_WFB_Plate_09_2007-57_NPA,321,Sample,1,9,1,2007.57
661,1721339101.06273,20240716_WFB_Plate_09_1116-2_NPA,347,Sample,1,9,1,1116.2
662,1721342847.01491,20240716_WFB_Plate_09_H8_NPA,295,Sample,1,9,1,H8
663,1721346596.23004,20240716_WFB_Plate_09_1138_NPA,236,Sample,1,9,1,1138
664,1721350344.20649,20240716_WFB_Plate_09_81_NPA,79,Sample,1,9,1,81
665,1721354089.74554,20240716_WFB_Plate_09_1044_NPA,144,Sample,1,9,1,1044
666,1721357834.71098,20240716_WFB_Plate_09_39_NPA,38,Sample,1,9,1,39
667,1721361582.04482,20240716_WFB_Plate_09_1155_NPA,253,Sample,1,9,1,1155
668,1721365329.63483,20240716_WFB_Plate_09_1063_NPA,162,Sample,1,9,1,1063
669,1721369077.30751,20240716_WFB_Plate_09_30_NPA,29,Sample,1,9,1,30
670,1721372826.75702,20240716_WFB_Plate_09_1059_NPA,158,Sample,1,9,1,1059
671,1721376572.82516,20240716_WFB_Plate_09_NC7_NPA,387,Sample,1,9,1,NC7
672,1721380320.51877,20240716_WFB_Plate_09_1058_NPA,157,Sample,1,9,1,1058
673,1721384070.06438,20240716_WFB_Plate_09_1163_NPA,261,Sample,1,9,1,1163
674,1721387817.64954,20240716_WFB_Plate_09_1090_NPA,189,Sample,1,9,1,1090
675,1721391567.1135,20240716_WFB_Plate_09_1056_NPA,155,Sample,1,9,1,1056
676,1721395314.71882,20240716_WFB_Plate_09_61_NPA,59,Sample,1,9,1,61
677,1721399064.87115,20240716_WFB_Plate_09_1028_NPA,128,Sample,1,9,1,1028
678,1721402816.26315,20240716_WFB_Plate_09_1174_NPA,272,Sample,1,9,1,1174
679,1721406248.64135,20240716_WFB_Plate_09_QC_03,-1,QC,1,9,1,QC
680,1721409998.66146,20240716_WFB_Plate_09_1024_NPB,124,Sample,1,9,1,1024
681,1721437024.28444,20240716_WFB_Plate_09_NC2_NPB,382,Sample,1,9,1,NC2
682,1721440770.20631,20240716_WFB_Plate_09_96_NPB,94,Sample,1,9,1,96
683,1721444516.69732,20240716_WFB_Plate_09_H7_NPB,294,Sample,1,9,1,H7
684,1721448267.3417,20240716_WFB_Plate_09_1152-2_NPB,372,Sample,1,9,1,1152.2
685,1721452015.06094,20240716_WFB_Plate_09_H18_NPB,305,Sample,1,9,1,H18
686,1721455765.19043,20240716_WFB_Plate_09_15_NPB,14,Sample,1,9,1,15
687,1721459512.89797,20240716_WFB_Plate_09_1077_NPB,176,Sample,1,9,1,1077
688,1721463262.55518,20240716_WFB_Plate_09_1001_NPB,101,Sample,1,9,1,1001
689,1721467012.21052,20240716_WFB_Plate_09_1158-2_NPB,375,Sample,1,9,1,1158.2
690,1721470762.34285,20240716_WFB_Plate_09_25_NPB,24,Sample,1,9,1,25
691,1721474512.35602,20240716_WFB_Plate_09_1061_NPB,160,Sample,1,9,1,1061
692,1721478260.58546,20240716_WFB_Plate_09_1120-2_NPB,351,Sample,1,9,1,1120.2
693,1721482007.78468,20240716_WFB_Plate_09_1124-2_NPB,353,Sample,1,9,1,1124.2
694,1721485756.22999,20240716_WFB_Plate_09_1029_NPB,129,Sample,1,9,1,1029
695,1721489502.78077,20240716_WFB_Plate_09_1164_NPB,262,Sample,1,9,1,1164
696,1721493252.42539,20240716_WFB_Plate_09_2001-58_NPB,315,Sample,1,9,1,2001.58
697,1721497004.1604,20240716_WFB_Plate_09_29_NPB,28,Sample,1,9,1,29
698,1721500754.4653,20240716_WFB_Plate_09_1096_NPB,195,Sample,1,9,1,1096
699,1721504504.01098,20240716_WFB_Plate_09_18_NPB,17,Sample,1,9,1,18
700,1721507935.86696,20240716_WFB_Plate_09_QC_04,-1,QC,1,9,1,QC
701,1721511687.80614,20240716_WFB_Plate_09_37_NPB,36,Sample,1,9,1,37
702,1721515419.93349,20240716_WFB_Plate_09_2007-57_NPB,321,Sample,1,9,1,2007.57
703,1721519167.77705,20240716_WFB_Plate_09_1116-2_NPB,347,Sample,1,9,1,1116.2
704,1721522917.64659,20240716_WFB_Plate_09_H8_NPB,295,Sample,1,9,1,H8
705,1721526667.8125,20240716_WFB_Plate_09_1138_NPB,236,Sample,1,9,1,1138
706,1721530419.61086,20240716_WFB_Plate_09_81_NPB,79,Sample,1,9,1,81
707,1721534167.28773,20240716_WFB_Plate_09_1044_NPB,144,Sample,1,9,1,1044
708,1721537919.86537,20240716_WFB_Plate_09_39_NPB,38,Sample,1,9,1,39
709,1721541669.5751,20240716_WFB_Plate_09_1155_NPB,253,Sample,1,9,1,1155
710,1721545423.54796,20240716_WFB_Plate_09_1063_NPB,162,Sample,1,9,1,1063
711,1721549173.08678,20240716_WFB_Plate_09_30_NPB,29,Sample,1,9,1,30
712,1721552925.20102,20240716_WFB_Plate_09_1059_NPB,158,Sample,1,9,1,1059
713,1721556674.96149,20240716_WFB_Plate_09_NC7_NPB,387,Sample,1,9,1,NC7
714,1721560427.33624,20240716_WFB_Plate_09_1058_NPB,157,Sample,1,9,1,1058
715,1721564179.63609,20240716_WFB_Plate_09_1163_NPB,261,Sample,1,9,1,1163
716,1721567931.74937,20240716_WFB_Plate_09_1090_NPB,189,Sample,1,9,1,1090
717,1721571683.27092,20240716_WFB_Plate_09_1056_NPB,155,Sample,1,9,1,1056
718,1721575433.30687,20240716_WFB_Plate_09_61_NPB,59,Sample,1,9,1,61
719,1721579184.79706,20240716_WFB_Plate_09_1028_NPB,128,Sample,1,9,1,1028
720,1721582936.86224,20240716_WFB_Plate_09_1174_NPB,272,Sample,1,9,1,1174
721,1721586369.07019,20240716_WFB_Plate_09_QC_05,-1,QC,1,9,1,QC
722,1721590118.91131,20240716_WFB_Plate_09_PC1,-1,Control,1,9,1,PC1
723,1721593870.88911,20240716_WFB_Plate_09_DC,-1,Control,1,9,1,DC
724,1721597620.76197,20240716_WFB_Plate_09_MPE,-1,Control,1,9,1,MPE
725,1721601370.38212,20240716_WFB_Plate_09_PC2,-1,Control,1,9,1,PC2
726,1721605148.10996,20240716_WFB_Plate_09_MSControl,-1,Control,1,9,1,MSControl
727,1721614980.19609,20240721_WFB_Plate_10_QC_01,-1,QC,1,10,1,QC
728,1721618729.83161,20240721_WFB_Plate_10_1038_NPA,138,Sample,1,10,1,1038
729,1721622482.58841,20240721_WFB_Plate_10_H15_NPA,302,Sample,1,10,1,H15
730,1721626236.08379,20240721_WFB_Plate_10_1074_NPA,173,Sample,1,10,1,1074
731,1721629988.35614,20240721_WFB_Plate_10_66_NPA,64,Sample,1,10,1,66
732,1721633742.41507,20240721_WFB_Plate_10_1107-2_NPA,339,Sample,1,10,1,1107.2
733,1721659677.98331,20240721_WFB_Plate_10_69_NPA,67,Sample,1,10,1,69
734,1721663427.80576,20240721_WFB_Plate_10_1026_NPA,126,Sample,1,10,1,1026
735,1721667179.62807,20240721_WFB_Plate_10_1103_NPA,202,Sample,1,10,1,1103
736,1721670931.8485,20240721_WFB_Plate_10_1188_NPA,286,Sample,1,10,1,1188
737,1721674684.89028,20240721_WFB_Plate_10_2002-33_NPA,316,Sample,1,10,1,2002.33
738,1721678436.6847,20240721_WFB_Plate_10_41_NPA,40,Sample,1,10,1,41
739,1721682185.85048,20240721_WFB_Plate_10_1064_NPA,163,Sample,1,10,1,1064
740,1721685934.04587,20240721_WFB_Plate_10_NC19_NPA,399,Sample,1,10,1,NC19
741,1721689683.69357,20240721_WFB_Plate_10_1032_NPA,132,Sample,1,10,1,1032
742,1721693415.61555,20240721_WFB_Plate_10_H10_NPA,297,Sample,1,10,1,H10
743,1721697171.48723,20240721_WFB_Plate_10_1111_NPA,210,Sample,1,10,1,1111
744,1721700924.00633,20240721_WFB_Plate_10_1092_NPA,191,Sample,1,10,1,1092
745,1721704675.95581,20240721_WFB_Plate_10_75_NPA,73,Sample,1,10,1,75
746,1721708426.43254,20240721_WFB_Plate_10_1113-2_NPA,345,Sample,1,10,1,1113.2
747,1721712172.62934,20240721_WFB_Plate_10_73_NPA,71,Sample,1,10,1,73
748,1721715605.61607,20240721_WFB_Plate_10_QC_02,-1,QC,1,10,1,QC
749,1721719355.62205,20240721_WFB_Plate_10_70_NPA,68,Sample,1,10,1,70
750,1721723104.94994,20240721_WFB_Plate_10_1140_NPA,238,Sample,1,10,1,1140
751,1721726854.73606,20240721_WFB_Plate_10_1022_NPA,122,Sample,1,10,1,1022
752,1721730604.40552,20240721_WFB_Plate_10_1017_NPA,117,Sample,1,10,1,1017
753,1721734352.44116,20240721_WFB_Plate_10_H17_NPA,304,Sample,1,10,1,H17
754,1721738105.95922,20240721_WFB_Plate_10_1087_NPA,186,Sample,1,10,1,1087
755,1721741858.00371,20240721_WFB_Plate_10_102_NPA,100,Sample,1,10,1,102
756,1721745607.85343,20240721_WFB_Plate_10_2017-9_NPA,329,Sample,1,10,1,2017.9
757,1721749361.50369,20240721_WFB_Plate_10_1152_NPA,250,Sample,1,10,1,1152
758,1721753111.41143,20240721_WFB_Plate_10_1086_NPA,185,Sample,1,10,1,1086
759,1721756859.40497,20240721_WFB_Plate_10_1162-2_NPA,377,Sample,1,10,1,1162.2
760,1721760610.70361,20240721_WFB_Plate_10_77_NPA,75,Sample,1,10,1,77
761,1721764358.69188,20240721_WFB_Plate_10_49_NPA,48,Sample,1,10,1,49
762,1721768108.96419,20240721_WFB_Plate_10_1126-2_NPA,355,Sample,1,10,1,1126.2
763,1721771860.46224,20240721_WFB_Plate_10_1065_NPA,164,Sample,1,10,1,1065
764,1721775616.37689,20240721_WFB_Plate_10_1159_NPA,257,Sample,1,10,1,1159
765,1721779368.53794,20240721_WFB_Plate_10_NC18_NPA,398,Sample,1,10,1,NC18
766,1721783120.63691,20240721_WFB_Plate_10_55_NPA,54,Sample,1,10,1,55
767,1721786870.6891,20240721_WFB_Plate_10_1118_NPA,217,Sample,1,10,1,1118
768,1721790621.07616,20240721_WFB_Plate_10_1117-2_NPA,348,Sample,1,10,1,1117.2
769,1721794053.37483,20240721_WFB_Plate_10_QC_03,-1,QC,1,10,1,QC
770,1721797805.27652,20240721_WFB_Plate_10_1038_NPB,138,Sample,1,10,1,1038
771,1721801557.21892,20240721_WFB_Plate_10_H15_NPB,302,Sample,1,10,1,H15
772,1721805307.15648,20240721_WFB_Plate_10_1074_NPB,173,Sample,1,10,1,1074
773,1721842763.68793,20240721_WFB_Plate_10_66_NPB,64,Sample,1,10,1,66
774,1721846515.3626,20240721_WFB_Plate_10_1107-2_NPB,339,Sample,1,10,1,1107.2
775,1721850269.40404,20240721_WFB_Plate_10_69_NPB,67,Sample,1,10,1,69
776,1721854019.09472,20240721_WFB_Plate_10_1026_NPB,126,Sample,1,10,1,1026
777,1721857770.70825,20240721_WFB_Plate_10_1103_NPB,202,Sample,1,10,1,1103
778,1721861524.30407,20240721_WFB_Plate_10_1188_NPB,286,Sample,1,10,1,1188
779,1721865276.30959,20240721_WFB_Plate_10_2002-33_NPB,316,Sample,1,10,1,2002.33
780,1721869027.99511,20240721_WFB_Plate_10_41_NPB,40,Sample,1,10,1,41
781,1721872779.59156,20240721_WFB_Plate_10_1064_NPB,163,Sample,1,10,1,1064
782,1721876530.89581,20240721_WFB_Plate_10_NC19_NPB,399,Sample,1,10,1,NC19
783,1721880280.80125,20240721_WFB_Plate_10_1032_NPB,132,Sample,1,10,1,1032
784,1721884032.49915,20240721_WFB_Plate_10_H10_NPB,297,Sample,1,10,1,H10
785,1721887786.32827,20240721_WFB_Plate_10_1111_NPB,210,Sample,1,10,1,1111
786,1721891540.37794,20240721_WFB_Plate_10_1092_NPB,191,Sample,1,10,1,1092
787,1721895292.35097,20240721_WFB_Plate_10_75_NPB,73,Sample,1,10,1,75
788,1721899046.16269,20240721_WFB_Plate_10_1113-2_NPB,345,Sample,1,10,1,1113.2
789,1721902798.34595,20240721_WFB_Plate_10_73_NPB,71,Sample,1,10,1,73
790,1721925322.33445,20240721_WFB_Plate_10_QC_04,-1,QC,1,10,1,QC
791,1721937454.78639,20240721_WFB_Plate_10_70_NPB,68,Sample,1,10,1,70
792,1721941210.5513,20240721_WFB_Plate_10_1140_NPB,238,Sample,1,10,1,1140
793,1721944959.93614,20240721_WFB_Plate_10_1022_NPB,122,Sample,1,10,1,1022
794,1721948714.01497,20240721_WFB_Plate_10_1017_NPB,117,Sample,1,10,1,1017
795,1721952473.18543,20240721_WFB_Plate_10_H17_NPB,304,Sample,1,10,1,H17
796,1721956225.32599,20240721_WFB_Plate_10_1087_NPB,186,Sample,1,10,1,1087
797,1721959982.35809,20240721_WFB_Plate_10_102_NPB,100,Sample,1,10,1,102
798,1721963736.24644,20240721_WFB_Plate_10_2017-9_NPB,329,Sample,1,10,1,2017.9
799,1721967490.00585,20240721_WFB_Plate_10_1152_NPB,250,Sample,1,10,1,1152
800,1721971241.28251,20240721_WFB_Plate_10_1086_NPB,185,Sample,1,10,1,1086
801,1721974998.70338,20240721_WFB_Plate_10_1162-2_NPB,377,Sample,1,10,1,1162.2
802,1721978752.95382,20240721_WFB_Plate_10_77_NPB,75,Sample,1,10,1,77
803,1721982504.76997,20240721_WFB_Plate_10_49_NPB,48,Sample,1,10,1,49
804,1721986260.63001,20240721_WFB_Plate_10_1126-2_NPB,355,Sample,1,10,1,1126.2
805,1721990012.55153,20240721_WFB_Plate_10_1065_NPB,164,Sample,1,10,1,1065
806,1721993762.57,20240721_WFB_Plate_10_1159_NPB,257,Sample,1,10,1,1159
807,1721997516.19884,20240721_WFB_Plate_10_NC18_NPB,398,Sample,1,10,1,NC18
808,1722001269.79255,20240721_WFB_Plate_10_55_NPB,54,Sample,1,10,1,55
809,1722005021.67411,20240721_WFB_Plate_10_1118_NPB,217,Sample,1,10,1,1118
810,1722008776.8824,20240721_WFB_Plate_10_1117-2_NPB,348,Sample,1,10,1,1117.2
811,1722012214.96973,20240721_WFB_Plate_10_QC_05,-1,QC,1,10,1,QC
812,1722015968.76602,20240721_WFB_Plate_10_PC1,-1,Control,1,10,1,PC1
813,1722019724.69239,20240721_WFB_Plate_10_DC,-1,Control,1,10,1,DC
814,1722023476.34706,20240721_WFB_Plate_10_MPE,-1,Control,1,10,1,MPE
815,1722027229.46383,20240721_WFB_Plate_10_PC2,-1,Control,1,10,1,PC2
816,1722031009.00419,20240721_WFB_Plate_10_MSControl,-1,Control,1,10,1,MSControl
817,1722040480.57954,20240726_WFB_Plate_08_QC_01,-1,QC,1,8,1,QC
818,1722044235.69613,20240726_WFB_Plate_08_1081_NPA,180,Sample,1,8,1,1081
819,1722047990.58116,20240726_WFB_Plate_08_1037_NPA,137,Sample,1,8,1,1037
820,1722051747.35716,20240726_WFB_Plate_08_1093_NPA,192,Sample,1,8,1,1093
821,1722055502.33122,20240726_WFB_Plate_08_1034-2_NPA,333,Sample,1,8,1,1034.2
822,1722059257.67476,20240726_WFB_Plate_08_H6_NPA,293,Sample,1,8,1,H6
823,1722063013.39439,20240726_WFB_Plate_08_1128-2_NPA,356,Sample,1,8,1,1128.2
824,1722066768.66973,20240726_WFB_Plate_08_1154-2_NPA,374,Sample,1,8,1,1154.2
825,1722070523.57775,20240726_WFB_Plate_08_1115-2_NPA,346,Sample,1,8,1,1115.2
826,1722074281.11337,20240726_WFB_Plate_08_71_NPA,69,Sample,1,8,1,71
827,1722078035.05745,20240726_WFB_Plate_08_84_NPA,82,Sample,1,8,1,84
828,1722081792.06566,20240726_WFB_Plate_08_95_NPA,93,Sample,1,8,1,95
829,1722085546.30307,20240726_WFB_Plate_08_19_NPA,18,Sample,1,8,1,19
830,1722089299.53378,20240726_WFB_Plate_08_101_NPA,99,Sample,1,8,1,101
831,1722093051.1666,20240726_WFB_Plate_08_NC6_NPA,386,Sample,1,8,1,NC6
832,1722096808.5519,20240726_WFB_Plate_08_1176_NPA,274,Sample,1,8,1,1176
833,1722100565.50334,20240726_WFB_Plate_08_1020_NPA,120,Sample,1,8,1,1020
834,1722104320.61277,20240726_WFB_Plate_08_1114_NPA,213,Sample,1,8,1,1114
835,1722108077.5678,20240726_WFB_Plate_08_NC9_NPA,389,Sample,1,8,1,NC9
836,1722111832.62715,20240726_WFB_Plate_08_1080_NPA,179,Sample,1,8,1,1080
837,1722115588.18037,20240726_WFB_Plate_08_1015_NPA,115,Sample,1,8,1,1015
838,1722118869.50042,20240726_WFB_Plate_08_QC_02,-1,QC,1,8,1,QC
839,1722122625.16782,20240726_WFB_Plate_08_1057_NPA,156,Sample,1,8,1,1057
840,1722126378.65215,20240726_WFB_Plate_08_23_NPA,22,Sample,1,8,1,23
841,1722130131.9524,20240726_WFB_Plate_08_1013_NPA,113,Sample,1,8,1,1013
842,1722133887.43302,20240726_WFB_Plate_08_1079_NPA,178,Sample,1,8,1,1079
843,1722137643.18186,20240726_WFB_Plate_08_1149_NPA,247,Sample,1,8,1,1149
844,1722141397.04234,20240726_WFB_Plate_08_2013-24_NPA,327,Sample,1,8,1,2013.24
845,1722145152.32809,20240726_WFB_Plate_08_1109_NPA,208,Sample,1,8,1,1109
846,1722148907.61389,20240726_WFB_Plate_08_1091_NPA,190,Sample,1,8,1,1091
847,1722152660.34165,20240726_WFB_Plate_08_1035_NPA,135,Sample,1,8,1,1035
848,1722156415.59748,20240726_WFB_Plate_08_11_NPA,11,Sample,1,8,1,11
849,1722160169.36608,20240726_WFB_Plate_08_1121_NPA,220,Sample,1,8,1,1121
850,1722163922.09717,20240726_WFB_Plate_08_H14_NPA,301,Sample,1,8,1,H14
851,1722167675.51077,20240726_WFB_Plate_08_87_NPA,85,Sample,1,8,1,87
852,1722171430.77146,20240726_WFB_Plate_08_64_NPA,62,Sample,1,8,1,64
853,1722175184.12788,20240726_WFB_Plate_08_56_NPA,55,Sample,1,8,1,56
854,1722178937.60501,20240726_WFB_Plate_08_H11_NPA,298,Sample,1,8,1,H11
855,1722182692.67912,20240726_WFB_Plate_08_1032-2_NPA,332,Sample,1,8,1,1032.2
856,1722186452.55966,20240726_WFB_Plate_08_2004-51_NPA,318,Sample,1,8,1,2004.51
857,1722190196.65261,20240726_WFB_Plate_08_1019_NPA,119,Sample,1,8,1,1019
858,1722193950.25125,20240726_WFB_Plate_08_1151_NPA,249,Sample,1,8,1,1151
859,1722197229.11639,20240726_WFB_Plate_08_QC_03,-1,QC,1,8,1,QC
860,1722200984.96461,20240726_WFB_Plate_08_1081_NPB,180,Sample,1,8,1,1081
861,1722204738.64063,20240726_WFB_Plate_08_1037_NPB,137,Sample,1,8,1,1037
862,1722208490.51234,20240726_WFB_Plate_08_1093_NPB,192,Sample,1,8,1,1093
863,1722212248.49501,20240726_WFB_Plate_08_1034-2_NPB,333,Sample,1,8,1,1034.2
864,1722216005.36468,20240726_WFB_Plate_08_H6_NPB,293,Sample,1,8,1,H6
865,1722219758.75555,20240726_WFB_Plate_08_1128-2_NPB,356,Sample,1,8,1,1128.2
866,1722223496.49537,20240726_WFB_Plate_08_1154-2_NPB,374,Sample,1,8,1,1154.2
867,1722227250.71757,20240726_WFB_Plate_08_1115-2_NPB,346,Sample,1,8,1,1115.2
868,1722231004.27434,20240726_WFB_Plate_08_71_NPB,69,Sample,1,8,1,71
869,1722234760.08868,20240726_WFB_Plate_08_84_NPB,82,Sample,1,8,1,84
870,1722238518.59604,20240726_WFB_Plate_08_95_NPB,93,Sample,1,8,1,95
871,1722242271.59232,20240726_WFB_Plate_08_19_NPB,18,Sample,1,8,1,19
872,1722246027.12587,20240726_WFB_Plate_08_101_NPB,99,Sample,1,8,1,101
873,1722249782.63954,20240726_WFB_Plate_08_NC6_NPB,386,Sample,1,8,1,NC6
874,1722253539.84834,20240726_WFB_Plate_08_1176_NPB,274,Sample,1,8,1,1176
875,1722257299.27453,20240726_WFB_Plate_08_1020_NPB,120,Sample,1,8,1,1020
876,1722261056.58483,20240726_WFB_Plate_08_1114_NPB,213,Sample,1,8,1,1114
877,1722264812.06118,20240726_WFB_Plate_08_NC9_NPB,389,Sample,1,8,1,NC9
878,1722268569.51111,20240726_WFB_Plate_08_1080_NPB,179,Sample,1,8,1,1080
879,1722272327.5147,20240726_WFB_Plate_08_1015_NPB,115,Sample,1,8,1,1015
880,1722275604.63146,20240726_WFB_Plate_08_QC_04,-1,QC,1,8,1,QC
881,1722279360.62932,20240726_WFB_Plate_08_1057_NPB,156,Sample,1,8,1,1057
882,1722283116.45097,20240726_WFB_Plate_08_23_NPB,22,Sample,1,8,1,23
883,1722286876.47849,20240726_WFB_Plate_08_1013_NPB,113,Sample,1,8,1,1013
884,1722290634.62564,20240726_WFB_Plate_08_1079_NPB,178,Sample,1,8,1,1079
885,1722294390.84165,20240726_WFB_Plate_08_1149_NPB,247,Sample,1,8,1,1149
886,1722298148.07935,20240726_WFB_Plate_08_2013-24_NPB,327,Sample,1,8,1,2013.24
887,1722301907.89765,20240726_WFB_Plate_08_1109_NPB,208,Sample,1,8,1,1109
888,1722305663.79076,20240726_WFB_Plate_08_1091_NPB,190,Sample,1,8,1,1091
889,1722309423.90186,20240726_WFB_Plate_08_1035_NPB,135,Sample,1,8,1,1035
890,1722313179.60958,20240726_WFB_Plate_08_11_NPB,11,Sample,1,8,1,11
891,1722316935.26598,20240726_WFB_Plate_08_1121_NPB,220,Sample,1,8,1,1121
892,1722320694.4997,20240726_WFB_Plate_08_H14_NPB,301,Sample,1,8,1,H14
893,1722324450.89837,20240726_WFB_Plate_08_87_NPB,85,Sample,1,8,1,87
894,1722328206.46226,20240726_WFB_Plate_08_64_NPB,62,Sample,1,8,1,64
895,1722331961.85418,20240726_WFB_Plate_08_56_NPB,55,Sample,1,8,1,56
896,1722335717.35516,20240726_WFB_Plate_08_H11_NPB,298,Sample,1,8,1,H11
897,1722339471.04569,20240726_WFB_Plate_08_1032-2_NPB,332,Sample,1,8,1,1032.2
898,1722343229.09295,20240726_WFB_Plate_08_2004-51_NPB,318,Sample,1,8,1,2004.51
899,1722346986.20718,20240726_WFB_Plate_08_1019_NPB,119,Sample,1,8,1,1019
900,1722350744.20319,20240726_WFB_Plate_08_1151_NPB,249,Sample,1,8,1,1151
901,1722354023.96005,20240726_WFB_Plate_08_QC_05,-1,QC,1,8,1,QC
902,1722357305.36031,20240726_WFB_Plate_08_PC1,-1,Control,1,8,1,PC1
903,1722360586.79429,20240726_WFB_Plate_08_DC,-1,Control,1,8,1,DC
904,1722363870.38118,20240726_WFB_Plate_08_MPE,-1,Control,1,8,1,MPE
905,1722367156.10634,20240726_WFB_Plate_08_PC2,-1,Control,1,8,1,PC2
906,1722370454.19644,20240726_WFB_Plate_08_MSControl,-1,Control,1,8,1,MSControl
